-- Sample data from tables related to v_lot_receipt_stock
-- Dumped from db-postgres:5432/lot_management

-- Table: lots

-- Table: supplier_items
-- Total records: 48
-- Sample data from supplier_items (max 10 rows)
INSERT INTO supplier_items (id, supplier_id, lead_time_days, valid_to, created_at, updated_at, maker_part_no, display_name, notes, base_unit, net_weight, weight_unit, internal_unit, external_unit, qty_per_internal_unit, consumption_limit_days, requires_lot_number) VALUES (1, 1, NULL, 9999-12-31, 2026-02-02 09:46:40.336519+09:00, 2026-02-02 09:46:40.336525+09:00, 'PRD-171WI', '六角ボルト M6 91', NULL, 'pcs', NULL, NULL, NULL, NULL, NULL, 365, True);
INSERT INTO supplier_items (id, supplier_id, lead_time_days, valid_to, created_at, updated_at, maker_part_no, display_name, notes, base_unit, net_weight, weight_unit, internal_unit, external_unit, qty_per_internal_unit, consumption_limit_days, requires_lot_number) VALUES (2, 2, NULL, 9999-12-31, 2026-02-02 09:46:40.336526+09:00, 2026-02-02 09:46:40.336526+09:00, 'PRD-782qH', '配線ケーブル A 22', NULL, 'pcs', NULL, NULL, NULL, NULL, NULL, 90, True);
INSERT INTO supplier_items (id, supplier_id, lead_time_days, valid_to, created_at, updated_at, maker_part_no, display_name, notes, base_unit, net_weight, weight_unit, internal_unit, external_unit, qty_per_internal_unit, consumption_limit_days, requires_lot_number) VALUES (3, 1, NULL, 9999-12-31, 2026-02-02 09:46:40.336527+09:00, 2026-02-02 09:46:40.336527+09:00, 'PRD-383Tt', 'ワッシャー M8 96', NULL, 'pcs', NULL, NULL, NULL, NULL, NULL, 90, True);
INSERT INTO supplier_items (id, supplier_id, lead_time_days, valid_to, created_at, updated_at, maker_part_no, display_name, notes, base_unit, net_weight, weight_unit, internal_unit, external_unit, qty_per_internal_unit, consumption_limit_days, requires_lot_number) VALUES (4, 1, NULL, 9999-12-31, 2026-02-02 09:46:40.336527+09:00, 2026-02-02 09:46:40.336527+09:00, 'PRD-787hp', 'ワッシャー M6 65', NULL, 'pcs', NULL, NULL, NULL, NULL, NULL, 120, True);
INSERT INTO supplier_items (id, supplier_id, lead_time_days, valid_to, created_at, updated_at, maker_part_no, display_name, notes, base_unit, net_weight, weight_unit, internal_unit, external_unit, qty_per_internal_unit, consumption_limit_days, requires_lot_number) VALUES (5, 2, NULL, 9999-12-31, 2026-02-02 09:46:40.336528+09:00, 2026-02-02 09:46:40.336528+09:00, 'PRD-509Jo', 'ワッシャー M6 31', NULL, 'pcs', NULL, NULL, NULL, NULL, NULL, 90, True);
INSERT INTO supplier_items (id, supplier_id, lead_time_days, valid_to, created_at, updated_at, maker_part_no, display_name, notes, base_unit, net_weight, weight_unit, internal_unit, external_unit, qty_per_internal_unit, consumption_limit_days, requires_lot_number) VALUES (6, 1, NULL, 9999-12-31, 2026-02-02 09:46:40.336528+09:00, 2026-02-02 09:46:40.336528+09:00, 'PRD-010oe', 'ゴムパッキン B 93', NULL, 'pcs', NULL, NULL, NULL, NULL, NULL, 365, True);
INSERT INTO supplier_items (id, supplier_id, lead_time_days, valid_to, created_at, updated_at, maker_part_no, display_name, notes, base_unit, net_weight, weight_unit, internal_unit, external_unit, qty_per_internal_unit, consumption_limit_days, requires_lot_number) VALUES (7, 3, NULL, 9999-12-31, 2026-02-02 09:46:40.336529+09:00, 2026-02-02 09:46:40.336529+09:00, 'PRD-183rQ', '配線ケーブル B 05', NULL, 'pcs', NULL, NULL, NULL, NULL, NULL, 30, True);
INSERT INTO supplier_items (id, supplier_id, lead_time_days, valid_to, created_at, updated_at, maker_part_no, display_name, notes, base_unit, net_weight, weight_unit, internal_unit, external_unit, qty_per_internal_unit, consumption_limit_days, requires_lot_number) VALUES (8, 1, NULL, 9999-12-31, 2026-02-02 09:46:40.336529+09:00, 2026-02-02 09:46:40.336529+09:00, 'PRD-829KE', '金属スペーサー 73', NULL, 'pcs', NULL, NULL, NULL, NULL, NULL, 180, True);
INSERT INTO supplier_items (id, supplier_id, lead_time_days, valid_to, created_at, updated_at, maker_part_no, display_name, notes, base_unit, net_weight, weight_unit, internal_unit, external_unit, qty_per_internal_unit, consumption_limit_days, requires_lot_number) VALUES (9, 3, NULL, 9999-12-31, 2026-02-02 09:46:40.336530+09:00, 2026-02-02 09:46:40.336530+09:00, 'PRD-631gQ', 'Oリング P-10 37', NULL, 'pcs', NULL, NULL, NULL, NULL, NULL, 180, True);
INSERT INTO supplier_items (id, supplier_id, lead_time_days, valid_to, created_at, updated_at, maker_part_no, display_name, notes, base_unit, net_weight, weight_unit, internal_unit, external_unit, qty_per_internal_unit, consumption_limit_days, requires_lot_number) VALUES (10, 3, NULL, 9999-12-31, 2026-02-02 09:46:40.336530+09:00, 2026-02-02 09:46:40.336530+09:00, 'PRD-667Ud', '樹脂スペーサー 65', NULL, 'pcs', NULL, NULL, NULL, NULL, NULL, 60, True);


-- Table: suppliers
-- Total records: 4
-- Sample data from suppliers (max 10 rows)
INSERT INTO suppliers (id, supplier_code, supplier_name, valid_to, created_at, updated_at, short_name) VALUES (1, 'SUP-6542', '有限会社鈴木電気', 9999-12-31, 2026-02-02 09:46:40.313853, 2026-02-02 09:46:40.313853, NULL);
INSERT INTO suppliers (id, supplier_code, supplier_name, valid_to, created_at, updated_at, short_name) VALUES (2, 'SUP-1559', '岡田銀行有限会社', 9999-12-31, 2026-02-02 09:46:40.313853, 2026-02-02 09:46:40.313853, NULL);
INSERT INTO suppliers (id, supplier_code, supplier_name, valid_to, created_at, updated_at, short_name) VALUES (3, 'SUP-8161', '村上通信有限会社', 9999-12-31, 2026-02-02 09:46:40.313853, 2026-02-02 09:46:40.313853, NULL);
INSERT INTO suppliers (id, supplier_code, supplier_name, valid_to, created_at, updated_at, short_name) VALUES (4, 'TEST-SUP-INV', 'Test Supplier (Inventory Scenarios)', 9999-12-31, 2026-02-02 09:46:40.494150, 2026-02-02 09:46:40.494150, 'InvTestSup');


-- Table: warehouses
-- Total records: 5
-- Sample data from warehouses (max 10 rows)
INSERT INTO warehouses (id, warehouse_code, warehouse_name, warehouse_type, valid_to, created_at, updated_at, default_transport_lead_time_days, short_name) VALUES (1, 'WH-1043', '株式会社石川運輸倉庫', 'internal', 9999-12-31, 2026-02-02 09:46:40.309055, 2026-02-02 09:46:40.309055, NULL, NULL);
INSERT INTO warehouses (id, warehouse_code, warehouse_name, warehouse_type, valid_to, created_at, updated_at, default_transport_lead_time_days, short_name) VALUES (2, 'WH-8196', '株式会社鈴木建設倉庫', 'supplier', 9999-12-31, 2026-02-02 09:46:40.309055, 2026-02-02 09:46:40.309055, NULL, NULL);
INSERT INTO warehouses (id, warehouse_code, warehouse_name, warehouse_type, valid_to, created_at, updated_at, default_transport_lead_time_days, short_name) VALUES (3, 'WH-8908', '合同会社阿部情報倉庫', 'external', 9999-12-31, 2026-02-02 09:46:40.309055, 2026-02-02 09:46:40.309055, NULL, NULL);
INSERT INTO warehouses (id, warehouse_code, warehouse_name, warehouse_type, valid_to, created_at, updated_at, default_transport_lead_time_days, short_name) VALUES (4, 'WH-6379', '岡田水産株式会社倉庫', 'internal', 9999-12-31, 2026-02-02 09:46:40.309055, 2026-02-02 09:46:40.309055, NULL, NULL);
INSERT INTO warehouses (id, warehouse_code, warehouse_name, warehouse_type, valid_to, created_at, updated_at, default_transport_lead_time_days, short_name) VALUES (5, 'TEST-WH-INV', 'Test Warehouse (Inventory Scenarios)', 'internal', 9999-12-31, 2026-02-02 09:46:40.494150, 2026-02-02 09:46:40.494150, NULL, 'InvTestWH');


-- Table: lot_receipts
-- Total records: 63
-- Sample data from lot_receipts (max 10 rows)
INSERT INTO lot_receipts (id, product_group_id, warehouse_id, supplier_id, expected_lot_id, received_date, expiry_date, received_quantity, unit, status, lock_reason, locked_quantity, inspection_status, inspection_date, inspection_cert_number, version, created_at, updated_at, origin_type, origin_reference, temporary_lot_key, lot_master_id, receipt_key, consumed_quantity, shipping_date, cost_price, sales_price, tax_rate, supplier_item_id) VALUES (3, 1, 4, 3, 1, 2025-12-25, 2026-04-23, 0.000, 'pcs', 'depleted', NULL, 0.000, 'not_required', NULL, NULL, 2, 2026-02-02 09:46:40.420660, 2026-02-02 09:46:41.514404, 'adhoc', NULL, NULL, 3, '049c4bf7-65b3-4d69-a17e-8a7a12494c42', 0.000, NULL, NULL, NULL, NULL, NULL);
INSERT INTO lot_receipts (id, product_group_id, warehouse_id, supplier_id, expected_lot_id, received_date, expiry_date, received_quantity, unit, status, lock_reason, locked_quantity, inspection_status, inspection_date, inspection_cert_number, version, created_at, updated_at, origin_type, origin_reference, temporary_lot_key, lot_master_id, receipt_key, consumed_quantity, shipping_date, cost_price, sales_price, tax_rate, supplier_item_id) VALUES (8, 4, 4, 1, 2, 2026-01-13, 2026-07-26, 0.000, 'pcs', 'depleted', NULL, 0.000, 'not_required', NULL, NULL, 2, 2026-02-02 09:46:40.420660, 2026-02-02 09:46:41.514404, 'adhoc', NULL, NULL, 8, 'c628e37d-ac6b-4698-9b24-8722267c4d25', 0.000, NULL, NULL, NULL, NULL, NULL);
INSERT INTO lot_receipts (id, product_group_id, warehouse_id, supplier_id, expected_lot_id, received_date, expiry_date, received_quantity, unit, status, lock_reason, locked_quantity, inspection_status, inspection_date, inspection_cert_number, version, created_at, updated_at, origin_type, origin_reference, temporary_lot_key, lot_master_id, receipt_key, consumed_quantity, shipping_date, cost_price, sales_price, tax_rate, supplier_item_id) VALUES (9, 6, 1, 2, 3, 2025-12-20, 2025-11-25, 0.000, 'pcs', 'archived', NULL, 0.000, 'not_required', NULL, NULL, 2, 2026-02-02 09:46:40.420660, 2026-02-02 09:46:41.514404, 'adhoc', NULL, NULL, 9, '27da68ec-5acb-4390-a3aa-8937abf0c7c9', 0.000, NULL, NULL, NULL, NULL, NULL);
INSERT INTO lot_receipts (id, product_group_id, warehouse_id, supplier_id, expected_lot_id, received_date, expiry_date, received_quantity, unit, status, lock_reason, locked_quantity, inspection_status, inspection_date, inspection_cert_number, version, created_at, updated_at, origin_type, origin_reference, temporary_lot_key, lot_master_id, receipt_key, consumed_quantity, shipping_date, cost_price, sales_price, tax_rate, supplier_item_id) VALUES (10, 6, 1, 3, 4, 2026-01-13, 2025-12-11, 0.000, 'pcs', 'archived', NULL, 0.000, 'not_required', NULL, NULL, 2, 2026-02-02 09:46:40.420660, 2026-02-02 09:46:41.514404, 'adhoc', NULL, NULL, 10, 'ad127e70-6a55-4a60-b7ca-381e6bf14944', 0.000, NULL, NULL, NULL, NULL, NULL);
INSERT INTO lot_receipts (id, product_group_id, warehouse_id, supplier_id, expected_lot_id, received_date, expiry_date, received_quantity, unit, status, lock_reason, locked_quantity, inspection_status, inspection_date, inspection_cert_number, version, created_at, updated_at, origin_type, origin_reference, temporary_lot_key, lot_master_id, receipt_key, consumed_quantity, shipping_date, cost_price, sales_price, tax_rate, supplier_item_id) VALUES (17, 8, 3, 3, 5, 2026-01-19, 2026-12-24, 170.000, 'pcs', 'active', NULL, 0.000, 'not_required', NULL, NULL, 2, 2026-02-02 09:46:40.420660, 2026-02-02 09:46:41.514404, 'adhoc', NULL, NULL, 17, 'c8ccc411-0af3-4acb-aa38-be7d76d1ed74', 0.000, NULL, NULL, NULL, NULL, NULL);
INSERT INTO lot_receipts (id, product_group_id, warehouse_id, supplier_id, expected_lot_id, received_date, expiry_date, received_quantity, unit, status, lock_reason, locked_quantity, inspection_status, inspection_date, inspection_cert_number, version, created_at, updated_at, origin_type, origin_reference, temporary_lot_key, lot_master_id, receipt_key, consumed_quantity, shipping_date, cost_price, sales_price, tax_rate, supplier_item_id) VALUES (28, 11, 2, 1, 6, 2026-01-18, 2026-12-30, 442.000, 'pcs', 'active', NULL, 0.000, 'not_required', NULL, NULL, 2, 2026-02-02 09:46:40.420660, 2026-02-02 09:46:41.514404, 'adhoc', NULL, NULL, 28, 'c8224a34-ba2c-43f5-88f8-a045e948b8cf', 0.000, NULL, NULL, NULL, NULL, NULL);
INSERT INTO lot_receipts (id, product_group_id, warehouse_id, supplier_id, expected_lot_id, received_date, expiry_date, received_quantity, unit, status, lock_reason, locked_quantity, inspection_status, inspection_date, inspection_cert_number, version, created_at, updated_at, origin_type, origin_reference, temporary_lot_key, lot_master_id, receipt_key, consumed_quantity, shipping_date, cost_price, sales_price, tax_rate, supplier_item_id) VALUES (33, 13, 2, 2, 7, 2025-12-05, 2026-04-22, 478.000, 'pcs', 'active', NULL, 0.000, 'not_required', NULL, NULL, 2, 2026-02-02 09:46:40.420660, 2026-02-02 09:46:41.514404, 'adhoc', NULL, NULL, 33, 'df67c228-2ba0-41a8-b7b7-0cce9a5f5239', 0.000, NULL, NULL, NULL, NULL, NULL);
INSERT INTO lot_receipts (id, product_group_id, warehouse_id, supplier_id, expected_lot_id, received_date, expiry_date, received_quantity, unit, status, lock_reason, locked_quantity, inspection_status, inspection_date, inspection_cert_number, version, created_at, updated_at, origin_type, origin_reference, temporary_lot_key, lot_master_id, receipt_key, consumed_quantity, shipping_date, cost_price, sales_price, tax_rate, supplier_item_id) VALUES (39, 16, 3, 3, 8, 2025-12-13, 2026-09-22, 477.000, 'pcs', 'active', NULL, 0.000, 'not_required', NULL, NULL, 2, 2026-02-02 09:46:40.420660, 2026-02-02 09:46:41.514404, 'adhoc', NULL, NULL, 39, 'a42ff001-2cf1-40ac-aa90-60d627d15cb9', 0.000, NULL, NULL, NULL, NULL, NULL);
INSERT INTO lot_receipts (id, product_group_id, warehouse_id, supplier_id, expected_lot_id, received_date, expiry_date, received_quantity, unit, status, lock_reason, locked_quantity, inspection_status, inspection_date, inspection_cert_number, version, created_at, updated_at, origin_type, origin_reference, temporary_lot_key, lot_master_id, receipt_key, consumed_quantity, shipping_date, cost_price, sales_price, tax_rate, supplier_item_id) VALUES (50, 19, 2, 3, 9, 2025-12-15, 2026-07-23, 440.000, 'pcs', 'active', NULL, 0.000, 'not_required', NULL, NULL, 2, 2026-02-02 09:46:40.420660, 2026-02-02 09:46:41.514404, 'adhoc', NULL, NULL, 50, '9a8dd60f-ca0d-49e0-8e1f-844d04de3100', 0.000, NULL, NULL, NULL, NULL, NULL);
INSERT INTO lot_receipts (id, product_group_id, warehouse_id, supplier_id, expected_lot_id, received_date, expiry_date, received_quantity, unit, status, lock_reason, locked_quantity, inspection_status, inspection_date, inspection_cert_number, version, created_at, updated_at, origin_type, origin_reference, temporary_lot_key, lot_master_id, receipt_key, consumed_quantity, shipping_date, cost_price, sales_price, tax_rate, supplier_item_id) VALUES (54, 20, 1, 3, 10, 2026-01-04, 2026-12-25, 267.000, 'pcs', 'active', NULL, 0.000, 'not_required', NULL, NULL, 2, 2026-02-02 09:46:40.420660, 2026-02-02 09:46:41.514404, 'adhoc', NULL, NULL, 54, '7ac32cab-0447-416e-8b1d-66dd7c58845c', 0.000, NULL, NULL, NULL, NULL, NULL);


-- Table: stock_history
-- Total records: 55
-- Sample data from stock_history (max 10 rows)
INSERT INTO stock_history (id, lot_id, transaction_type, quantity_change, quantity_after, reference_type, reference_id, transaction_date) VALUES (1, 1, 'inbound', 448.000, 448.000, 'initial_load', NULL, 2026-01-24 00:00:00);
INSERT INTO stock_history (id, lot_id, transaction_type, quantity_change, quantity_after, reference_type, reference_id, transaction_date) VALUES (2, 2, 'inbound', 67.000, 67.000, 'initial_load', NULL, 2026-01-11 00:00:00);
INSERT INTO stock_history (id, lot_id, transaction_type, quantity_change, quantity_after, reference_type, reference_id, transaction_date) VALUES (3, 3, 'inbound', 0.000, 0.000, 'initial_load', NULL, 2025-12-25 00:00:00);
INSERT INTO stock_history (id, lot_id, transaction_type, quantity_change, quantity_after, reference_type, reference_id, transaction_date) VALUES (4, 4, 'inbound', 60.000, 60.000, 'initial_load', NULL, 2026-01-30 00:00:00);
INSERT INTO stock_history (id, lot_id, transaction_type, quantity_change, quantity_after, reference_type, reference_id, transaction_date) VALUES (5, 5, 'inbound', 270.000, 270.000, 'initial_load', NULL, 2026-01-03 00:00:00);
INSERT INTO stock_history (id, lot_id, transaction_type, quantity_change, quantity_after, reference_type, reference_id, transaction_date) VALUES (6, 6, 'inbound', 363.000, 363.000, 'initial_load', NULL, 2025-12-04 00:00:00);
INSERT INTO stock_history (id, lot_id, transaction_type, quantity_change, quantity_after, reference_type, reference_id, transaction_date) VALUES (7, 7, 'inbound', 301.000, 301.000, 'initial_load', NULL, 2026-01-11 00:00:00);
INSERT INTO stock_history (id, lot_id, transaction_type, quantity_change, quantity_after, reference_type, reference_id, transaction_date) VALUES (8, 8, 'inbound', 0.000, 0.000, 'initial_load', NULL, 2026-01-13 00:00:00);
INSERT INTO stock_history (id, lot_id, transaction_type, quantity_change, quantity_after, reference_type, reference_id, transaction_date) VALUES (9, 9, 'inbound', 0.000, 0.000, 'initial_load', NULL, 2025-12-20 00:00:00);
INSERT INTO stock_history (id, lot_id, transaction_type, quantity_change, quantity_after, reference_type, reference_id, transaction_date) VALUES (10, 10, 'inbound', 0.000, 0.000, 'initial_load', NULL, 2026-01-13 00:00:00);


-- Table: product_groups

